Global Studio Locations | Orangetheory Fitness This website stores data such as cookies to enable essential site functionality, as well as marketing, personalization, and analytics. By remaining on this website you indicate your consent. Privacy Policy i!ii Close Modal Skip to content The Workout Locations Joining Own An OTF Free Class* Back to Navigation Close menu FAQ Franchisees Book a Class Online Overlay Our Global List of Orangetheory Locations United States Alabama Auburn, Alabama 1345 Opelika Road Suite 1 2 Birmingham, Alabama 117 20Th Street South Birmingham, Alabama 2050 Gadsden Highway Suite 124 Birmingham, Alabama 210 Inverness Corners Daphne, Alabama 6900 Us Hwy 90 Dothan, Alabama 100 Apple Avenue Suite 3 Hoover, Alabama 4441 Creekside Avenue Ste 141 Huntsville, Alabama 930 Bob Wallace Ave S W Suite 229 Madison, Alabama 8141 Hwy 72 W Suite K Mobile, Alabama 3664 B Airport Blvd Montgomery, Alabama 1645 Perry Hill Road Prattville, Alabama 571 Pinnacle Place Tuscaloosa, Alabama 1451 Dr Edward Hillard Drive Vestavia-Hills, Alabama 790 Montgomery Hwy Suite 132 Alaska Anchorage, Alaska 345 W 104Th Ave Arizona Chandler, Arizona 1900 West Germann Road Ste 6 Chandler, Arizona 4850 S Gilbert Rd Suite 7 Chandler, Arizona 900 N 54Th Street Suite 2 Flagstaff, Arizona 601 E Piccadilly Dr Suite 25 Gilbert, Arizona 1110 S Gilbert Rd Suite 102 Gilbert, Arizona 1440 S Higley Road Suite 105 Between Ray And 202 Glendale, Arizona 17530 N 75Th Ave Ste 100 Glendale, Arizona 5839 W Thunderbird Rd Ste A 102 Goodyear, Arizona 14175 W Indian School Rd Suite A07 Goodyear, Arizona 783 Cotton Lane Suite C 5 Marana, Arizona 9170 N Silverbell Rd Suite 120 Mesa, Arizona 2836 N Power Rd Suite 102 Mesa, Arizona 3426 East Baseline Road Suite 118 Peoria, Arizona 25314 N Lake Pleasant Pkwy Suite 1260 Peoria, Arizona 9736 W Northern Ave Suite G500 Phoenix, Arizona 10810 North Tatum Boulevard Suite 108 Phoenix, Arizona 1928 E Highland Ave Suite 105 Phoenix, Arizona 2485 E Baseline Road Suite 152 Phoenix, Arizona 2501 West Happy Valley Road Suite 32 1020 Phoenix, Arizona 3923 E Camelback Rd Phoenix, Arizona 50 W Jefferson Street Suite 150 Phoenix, Arizona 7000 E Mayo Blvd Building 1 Ste 1016 Phoenix, Arizona 742 E Glendale Ave Suite 172 Phoenix-Midtown, Arizona 3350 N 7Th Ave 160 Phoeniz, Arizona 753 East Bell Road Suite 11 Queen-Creek, Arizona 20715 E Rittenhouse Road Suite 102 Scottsdale, Arizona 23733 N Scottsdale Road Suite 125 Scottsdale, Arizona 7001 N Scottsdale Road Suite E 185 Scottsdale, Arizona 7620 E Indian School Road Suite 107 Scottsdale, Arizona 9301 E Shea Blvd Suite 114 Surprise, Arizona 16846 W Bell Rd Suite 106 Tempe, Arizona 116 E University Drive Ste 102 Tempe, Arizona 1855 E Guadalupe Rd Ste A 102 Tucson, Arizona 2501 East Grant Road 101 Tucson, Arizona 5575 E River Suite 101 Tucson, Arizona 6307 E Broadway Blvd Suite 151 Tucson, Arizona 7057 N Oracle Rd Arkansas Bentonville, Arkansas 1201 S Walton Blvd Suite 105 Bryant, Arkansas 7357 Alcoa Rd Fayetteville, Arkansas 100 East Joyce Blvd 107 Fort-Smith, Arkansas 6808 Rogers Ave Jonesboro, Arkansas 2110 Fair Park Blvd Little-Rock, Arkansas 16900 Chenal Parkway Suite 110 Little-Rock, Arkansas 6831 Cantrell Road North-Little-Rock, Arkansas 4832 N Hills Blvd Rogers, Arkansas 5201 W Pauline Whitaker Pkwy California Alameda, California 2610 Fifth Street Alamo, California 170C Alamo Plaza Albany, California 1495 Solano Ave Anaheim, California 8108 East Santa Ana Canyon Drive Suite 162 Space 3B Bakersfield, California 12838 Stockdale Hwy Suites 4A 1 4A 2 Berkley, California 2475 Shattuck Ave Brea, California 3461 E Imperial Highway Brentwood, California 2565 Sand Creek Road Suite 132 Burbank, California 139 N San Fernando Blvd Calabasas-Agoura, California 5741 Kanan Road Campbell, California 1725 S Bascom Ave Camrarillo, California 1656 A Arneill Road Capitola, California 1501 41St Avenue Suite N Carlsbad, California 1820 Marron Road Suite 104 Carlsbad, California 6985 El Camino Real Suite 101 Carmichael, California 4005 Manzanita Avenue Castro-Valley, California 3642 Village Drive Cerritos, California 11900 South Street Unit 128 Chatsworth, California 9201 C Winnetka Avenue Chico, California 874 East Avenue Chino-Hills, California 4525 Chino Hills Parkway Shop 7 Chula-Vista, California 2015 Birch Rd Suite 1701 Claremont, California 2213 Baseline Rd Suite 100 Clovis, California 1785 Herndon Ave Suite 103 104 Colma, California 51 Colma Blvd Concord, California 5100 Clayton Road Suite B3 Corona, California 2540 Tuscany Street 102 103 Corona-Del-Mar, California 3021 E Pacific Coast Hwy Culver-City, California 8770 Washington Blvd Cupertino, California 19409 Stevens Creek Blvd Suite 120 Cypress, California 6911 Katella Avenue Dana-Point, California 24040 Camino Del Avion Space 2 A Danville, California 409 Railroad Avenue Downtown-La, California 515 South Figueroa Street Dublin, California 5258 Dublin Blvd Eastvale, California 12459 Limonite Avenue El-Dorado-Hills, California 4356 Town Center Blvd Suite 120 Elk-Grove, California 9610 Bruceville Rd Suite 102 Emeryvillre, California 5959 Shellmound St Encinitas, California 215 S El Camino Real Suite A Fair-Oaks, California 8921 Madison Ave 300 Folsom, California 230 Palladio Parkway Suite 1221 Foothill-Ranch, California 27482 Portola Parkway Foster-City, California 983 E Hillsdale Blvd Fremont, California 37140 Fremont Blvd Fresno, California 7735 N Blackstone Ave Ste 106 112 Glendale, California 101 N Brand Suite 140 Glendora, California 651 S Grand Ave Goleta, California 5700 Calle Real Greenbrae, California 230 Bon Air Center Hayward, California 28541 Hesperian Blvd Huntington-Beach, California 10036 Adams Ave Huntington-Beach, California 7881 Edinger Avenue Suite 116 Irvine, California 5675 Alton Parkway La-Canada, California 638 Foothill Blvd Suite 639 641 La-Habra, California 1216 S Idaho St La-Mesa, California 8322 Parkway Dr Lafayette, California 3517 Mt Diablo Blvd Laguna-Niguel, California 24034 Aliso Creek Rd Livermore, California 1518 First St Long-Beach, California 3850 Worsham Avenue Suite 420 Long-Beach, California 6620 E Pacific Coast Hwy Los-Angeles, California 10250 Santa Monica Blvd Suite 1420 Los-Angeles, California 11661 San Vicente Boulevard Suite 103 Los-Angeles, California 640 N La Brea Ave Los-Angeles, California 687 Hobart Blvd Los-Angeles, California 7950 West Sunset Blvd Los-Gatos, California 16250 Los Gatos Blvd Manhattan-Beach, California 2041 Rosecrans Avenue Marina-Del-Rey, California 4250 Via Marina Suite 10 Mill-Valley, California 750 Redwood Highway Frontage Rd Ste 1214 Mission-Viejo, California 26012 Marguerite Parkway Suite P Modesto, California 2001 Mchenry Ave Suite P Morgan-Hill, California 50 E 3Rd St Mountain-View, California 555 San Antonio Rd Suite 41 Napa, California 3270 F California Blvd Newbury-Park, California 1714 Newbury Rd Suite T Newport-Beach, California 1040 Irvine Avenue North-Hollywood, California Orangetheory Fitness North Hollywood 5200 Lankershim Boulevard Novato, California 975 Diablo Blvd Orange, California 1500 E Village Way Suite 2340 Pacifica, California 535 San Pedro Ave Palm-Desert, California 73 470 El Paseo Palm-Springs, California 333 South Palm Canyon Drive Palo-Alto, California 2190 W Bayshore Road Suite 150 Pasadena, California 2091 East Colorado Blvd Petaluma, California 401 Kenilworth Dr Suites 310 320 Pinole, California 1400 Pinole Valley Road Playa-Vista, California 12746 West Jefferson Blvd Building 3 Pleasant-Hill, California 963 Contra Costa Blvd Pleasanton, California 3020 Bernal Avenue Suite 140 Poway, California 12207 Poway Road Rancho-Cucamonga, California 12273 Highland Ave Suite 132 Rancho-Santa-Margarita, California 22401 Antonio Parkway Suite D 200 Redding, California 1675 Hilltop Drive Suite G Redlands, California 450 W Stuart Ave Suite 110 Redondo-Beach, California 409 North Pacific Coast Highway Suite 205 Redwood-City, California 236 Redwood Shores Parkway Redwood-City-Ii, California 322 Woodside Plaza Rohnert-Park, California 600 Raley S Towne Centre Roseville, California 2030 Douglas Boulevard Suite 39 Roseville, California 711 Pleasant Grove Blvd Suite 100 And 120 Sacramento, California 2901 K St Suite 190 Sacramento, California 3270 Arena Blvd Suite 510 Sacramento, California 4710 Freeport Blvd 12K Unit 120 Sacramento-Arden-Arcade, California 2095 Fair Oaks Blvd Suite 110 San-Clemente, California 802 Avenida Pico San-Diego, California 11155 E Ocean Air Drive San-Diego, California 1130 F St San-Diego, California 16445 Paseo Del Sur Suite E 105 San-Diego, California 2665 5Th Avenue Suite 101 San-Diego, California 3980 W Point Loma Blvd San-Diego, California 7510 Hazard Center Drive Suite 401 San-Diego, California 7734 Girard Avenue C San-Diego, California 8960 University Center Lane San-Francisco, California 1255 Columbus Avenue San-Francisco, California 1411 Market St San-Francisco, California 1633 Fillmore Street San-Francisco, California 215 King Street San-Francisco, California 343 Sansome St Suite 125 San-Jose, California 1080 Blossom Hill Rd Suite C San-Jose, California 111 West St John Street Suite 100 San-Jose, California 1331 Lincoln Ave San-Jose, California 1360 The Alameda San-Jose, California 551 W Capitol Expressway San-Leandro, California 1252 Fairmont Dr San-Luis-Obispo, California 3865 S Higuera St San-Marcos, California 314 S Twin Oaks Valley Road 120 San-Mateo, California 101 S B St San-Ramon, California 2415 San Ramon Valley Boulevard Suite 3 Santa-Barbara, California 651 Paseo Nuevo 629 Santa-Clara, California 1026 Monroe St Santa-Clara, California 2020 Wyatt Drive Santa-Clara, California 2855 Stevens Creek Blvd Ste 1604 Santa-Clara, California 3555 Monroe St Suite 10 Santa-Clarita, California 25914 Mcbean Parkway Santa-Monica, California 1431 2Nd Street Santa-Rosa, California 733 Coddingtown Center 745B Sherman-Oaks, California 14006 Riverside Drive Silver-Creek, California 5687 Silver Creek Valley Rd Simi-Valley, California 2975 Cochran St Unit D Solana-Beach, California 667 San Rodolfo Drive Suite 126 South-San-Francisco, California 101 Oyster Point Boulevard Southpark-La, California 1120 South Grand Street Suite 3 Stockton, California 6575 Pacific Ave Sunnyvale, California 155 S Frances St Temecula, California 32435 Temecula Parkway Thousand-Oaks, California 3755 East Thousand Oaks Blvd Torrance, California 3730 Pacific Coast Highway Unit 101 Tracy, California 1855 11Th Street Tustin, California 2865 El Camino Real Vacaville, California 2080 B Harbison Drive Vallejo, California 173 Plaza Dr 1002 Ventura, California 4360 B1 E Main St Walnut-Creek, California 1531 Locust Street Woodland-Hills, California 21841 Ventura Fwy Colorado Arvada, Colorado 8031 Wadsworth Boulevard A 2 Aurora, Colorado 4211 South Buckley Road Aurora, Colorado 6554 S Parker Road Boulder, Colorado 1850 29Th Street Boulder, Colorado 649A S Broadway St Broomfield, Colorado 1285 E 1St Avenue Castle-Rock, Colorado 3990 Limelight Avenue Unit F Colorado-Springs, Colorado 13492 Bass Pro Dr Colorado-Springs, Colorado 5990 Stetson Hills Blvd Colorado-Springs, Colorado 7469 N Academy Blvd Denver, Colorado 1400 Wewatta St Suite 110 Denver, Colorado 200 Quebec Bldg 700 Unit 101 Denver, Colorado 2780 E Second Avenue Denver, Colorado 3300 W 32Nd Avenue Ste 101 Denver, Colorado 381 S Broadway Suite A Denver, Colorado 450 E 17Th Ave Suite 128 Denver, Colorado 5010 E Hampden Avenue Denver, Colorado 6770 East Chenango Avenue Denver, Colorado 7349 East 29Th Avenue Denver, Colorado 999 S Logan Street Suite 100 Edgewater, Colorado 1931 A Sheridan Blvd Fort-Collins, Colorado 2261 East Drake Road Suite 140 Fort-Collins, Colorado 250 E Harmony Road F 6 Glendale, Colorado 760 S Colorado Blvd Unit C Greenwood, Colorado 8765 E Orchid Rd 704 Highlands-Ranch, Colorado 1493 Park Central Dr Highlands-Ranch, Colorado 9559 S University Boulevard Units 101 102 Lafayette, Colorado 1455 Coal Creek Dr Lakewood, Colorado 7700 W Virginia Avenue Ste A Littleton, Colorado 8555 W Belleview Ave Parker, Colorado 12227 Pine Bluffs Way Suite 205 Parker, Colorado 17051 Lincoln Ave South-Glenn, Colorado 6860 South University Blvd Unit 140 Southlands, Colorado 24300 E Smokey Hill Road Suite 134 Thornton, Colorado 4243 E 136Th Ave Wheat-Ridge, Colorado 3244 Youngfield St Suite A Connecticut Danbury, Connecticut 7 Eagle Road Darien, Connecticut 364 Boston Post Road Fairfield, Connecticut 525 Tunxis Hill Cut Off Glastonbury, Connecticut 27 Welles Street Guilford, Connecticut 1057 1069 Boston Post Rd Hamden, Connecticut 2335 Dixwell Ave Suite F 1 Manchester, Connecticut 1500B Pleasant Valley Rd Milford, Connecticut 1682 Boston Post Road Norwalk, Connecticut 205 Main Street Ridgefield, Connecticut 1 Ethan Allen Highway Shelton, Connecticut 704 Bridgeport Ave Suite 201 Stamford, Connecticut 1101 High Ridge Road West-Hartford, Connecticut 345 N Main St Westport, Connecticut 645 Post Road East Delaware Bear, Delaware 10 412 Fox Hunt Drive Dover, Delaware 50 N Dupont Hwy Middletown, Delaware 476 Middletown Warwick Rd Newark, Delaware 230 E Main St 28A Newark, Delaware 3136 Fashion Center Blvd Talleyville, Delaware 4120 Concord Pike Wilmington, Delaware 4754B Limestone Road District of Columbia Capitol-Hill, District-Of-Columbia 330 7Th Street Se Cleveland-Park, District-Of-Columbia 3412 Connecticut Avenue Nw Georgetown, District-Of-Columbia 1815 Wisconsin Ave Nw Union-Market, District-Of-Columbia 320 Florida Ave Ne Washington, District-Of-Columbia 1925 14Th Street Nwrnsuite C Washington, District-Of-Columbia 425 I Street Nw Washington, District-Of-Columbia 4600 Wisconsin Ave Nw 101 Washington, District-Of-Columbia 82 I Street Se Washington-Dc, District-Of-Columbia 1101 14Th Street Nw Washington-Dc, District-Of-Columbia 2401 Pennsylvania Avenue Nw Washington-Dc, District-Of-Columbia 609 H Street Ne Washington-Dc, District-Of-Columbia 798 Maine Avenue Sw < Florida Altamonte, Florida 397 E Altamonte Dr Suite 1450 Aventura, Florida 18839 Ne Biscayne Boulevard Suite A Boca-Raton, Florida 10 E Palmetto Park Rd Boca-Raton, Florida 2240 N W 19Th Street Boca-Raton, Florida 8903 Glades Rd Ste H13 Boynton-Beach, Florida 395 N Congress Ave Unit 10 Bradenton, Florida 5496 Lena Rd Brandenton, Florida 5275 University Parkway Unit 116 Brandon, Florida 2052 Badlands St Cape-Coral, Florida 2311 Santa Barbara Blvd Celebration, Florida 49 Blake Blvd Clearwater, Florida 25853 U S 19 N Clermont, Florida 13900 County Rd 455 Coconut-Creek, Florida 4449 Lyons Road J 103 Cooper-City, Florida 5874 S Flamingo Road Coral-Gables, Florida 2300 Salzedo St Coral-Springs, Florida 1308 Coral Ridge Drive Coral-Springs, Florida 6230 Coral Ridge Drive Cutler-Bay, Florida 18455 South Dixie Hwy Deland, Florida 2365 South Woodland Boulevard Delray-Beach, Florida 264 278 Se 5Th Avenue Delray-Beach, Florida 3100 S Federal Hwy 1 Delray-Beach, Florida 9097 West Atlantic Avenue Suite 110 Deltona, Florida 4932 W Sr 46 Suite 1112 Destin, Florida 4495 Furling Lane Doral, Florida 3887 Nw 107Th Ave Fleming-Island, Florida 1615 100 County Road 220 Fort-Myers, Florida 11600 Gladiolus Drive Unit 317 Fort-Myers, Florida 8001 Dani Drive Ft-Lauderdale, Florida 1759 E Commercial Blvd Ft-Lauderdale, Florida 1835 Cordova Rd Ft-Lauderdale, Florida 2354 N Federal Hwy Gainesville, Florida 2005 Nw 43Rd Street Gainesville, Florida 3205 Clark Butler Road Suite 20 Gainesville, Florida 50 Nw 13Th St Hallandale-Beach, Florida 419 N Federal Highway Suite 107 Hollywood, Florida 3251 Hollywood Blvd Homestead, Florida 803 N Homestead Blvd Jacksonville, Florida 11111 San Jose Blvd Jacksonville, Florida 13500 Beach Boulevard Suite 30 Jacksonville, Florida 4495 Roosevelt Blvd Suite 318 Jacksonville, Florida 9610 Applecross Rd Suite 102 Jacksonville, Florida 9734 Deer Lake Court Suite 6 7 Jacksonville-Beach, Florida 3994 Third Street Jensen-Beach, Florida 4215 Nw Federal Hwy Jupiter, Florida 6390 W Indiantown Road Suite 24A Kissimmee, Florida 1021 W Osceola Pkwy Lake-Mary, Florida 3801 W Lake Mary Blvd Unit 161 Lake-Worth, Florida 6177 Jog Road 9D Lakeland, Florida 1489 Town Center Dr Largo, Florida 10500 Ulmerton Road Suite 220 Lighthouse-Point, Florida 3778 N Federal Hwy Melbourne, Florida 6365 Wickham Road D301 Miami, Florida 1315 B Sw 107Th Avenue Georgia Acworth, Georgia 4391 Acworth Dallas Rd Nw Suite 212 Alpharetta, Georgia 3450 Old Milton Parkway Ste 210 Athens, Georgia 196 Alps Road Athens, Georgia 265 Oconee Street Suite G Atlanta, Georgia 2152 Henderson Mill Road Atlanta, Georgia 2255 Peachtree Rd Ne Atlanta, Georgia 299 Highland Ave Ste H1 And H2 Atlanta, Georgia 3097 Piedmont Rd Atlanta, Georgia 4260 Peachtree Rd Atlanta, Georgia 4279 Roswell Road Suite 501 Atlanta, Georgia 5975 Roswell Road Suite A113 Atlanta, Georgia 855 Emory Point Drive Suite 115 Atlanta, Georgia 857 Collier Rd Ste 15 Atlanta, Georgia 933 Peachtree St Suite 939A Atlanta, Georgia 975 Memorial Drive Ste 816 Canton, Georgia 3640 Marietta Hwy Chamblee, Georgia 5211 Peachtree Blvd Columbus, Georgia 5592 B Whitesville Road Cumming, Georgia 1735 Buford Highway Suite 220 Dacula, Georgia 2463 Hamilton Mill Parkway Decatur, Georgia 319 W Ponce De Leon Ave Douglasville, Georgia 2750 Chapel Hill Road Suite 100 200 Duluth, Georgia 2220 Peachtree Industrial Blvd Dunwoody, Georgia 2480 Jett Ferry Road Evans, Georgia 4274 Washington Road Gainesville, Georgia 833 Dawsonville Hwy Suite 220 Johns-Creek, Georgia 8465 Holcomb Bridge Road Suite 430 Lawrenceville, Georgia 1250 Scenic Highway Suite 1264 Macon, Georgia 4357 Forsyth Road Suite 250 Marietta, Georgia 1401 Johnson Ferry Road Suite 320 Marietta, Georgia 1750 Powder Springs Rd Suite 270 Marietta, Georgia 2555 Prado Ln Suite 1400 Marietta, Georgia 2960 Shallowford Road Suite 103 Marietta, Georgia 3000 Windy Hill Road Suite 156 Marietta, Georgia 3600 Dallas Highway Suite 100 Mcdonough, Georgia 1663 Highway 20 West Milton, Georgia 12635 Crabapple Rd Newnan, Georgia 1731 A Newnan Crossing Blvd East Norcross, Georgia 5270 Peachtree Parkway Suite 105 Peachtree-City, Georgia 130 Peachtree East Shopping Center Suite 140 Pooler, Georgia 201 Blue Moon Crossing Suites 3 4 Roswell, Georgia 625 W Crossville Road Suite 108 Savannah, Georgia 1800 East Victory Dr Suite 2 Smyrna, Georgia 4495 W Village Way Stone-Mountain, Georgia 1227 Rockbridge Road Sw Sugar-Hill, Georgia 5019 West Broad Street Suite 107 109 Suwanee, Georgia 2615 Peachtree Parkway Suite 230 Valdosta, Georgia 3268 Inner Perimeter Road Unit B Vinings, Georgia 4300 Paces Ferry Rd Se Suite 240 Warner-Robins, Georgia 3030 Watson Blvd Suite 900 Woodstock, Georgia 200 Parkbrooke Drive Suite 140 Hawaii Honolulu, Hawaii 1600 Kapiolani Blvd Suite 107 Honolulu, Hawaii 449 Kapahulu Avenue Suite 101 Honolulu, Hawaii 660 Ala Moana Blvd Ste 217 Idaho Ammon, Idaho 2674 E Sunnyside Road Boise, Idaho 979 E Parkcenter Blvd Eagle-Island, Idaho 1240 W Chinden Blvd Suite 106 Meridian, Idaho 2970 N Eagle Rd Suite 105 Illinois Algonquin, Illinois 1624 S Randall Rd Bannockburn, Illinois 2553 Waukegan Road Bartlett, Illinois 813 S Il Route 59 Bloomington, Illinois 1500 E Empire St A 13 Carol-Stream, Illinois 547 S Schmale Rd Champaign, Illinois 2035 S Neil St Chicago, Illinois 1005 S State Street Chicago, Illinois 110 E Cermak Chicago, Illinois 1126 W Granville Ave Chicago, Illinois 1513 N Wells Street Chicago, Illinois 155 N Michigan Ave Chicago, Illinois 1634 W North Ave Chicago, Illinois 211 E Grand Street Chicago, Illinois 2209 N Halsted Street Chicago, Illinois 2251 N Milwaukee Avenue Chicago, Illinois 3010 N Ashland Ave Chicago, Illinois 3328 N Western Ave Chicago, Illinois 3738 N Halsted St 2 Chicago, Illinois 4728 N Lincoln Avenue Chicago, Illinois 5012 N Clark St Chicago, Illinois 5109 S Harper Ave Chicago, Illinois 640 N Wells St Chicago, Illinois 731 N Milwaukee Ave Chicago, Illinois 823 W Madison St Edwardsville, Illinois 6654 Edwardsville Crossing Drive Suite E Elmhurst, Illinois 135 N Addison Ave Suite 100 Evanston, Illinois 2800 Central Street Frankfort, Illinois 21000 S Lagrange Road Geneva, Illinois 2401 Kaneville Road Glen-Ellyn, Illinois 862 Roosevelt Road Glenview, Illinois 1464 Waukegan Road Harwood-Heights, Illinois 4747 N Harlem Ave Suite 1115 A Highland-Park, Illinois 1835 Second Street Hoffman-Estates, Illinois 1477 1479 Palatine Road Hoffman-Estates, Illinois 2626 N Sutton Road Kildeer, Illinois 20393 North Rand Road La-Grange, Illinois 10 N Ashland Avenue Lake-Forest, Illinois 1050 N Western Ave Lake-Zurich, Illinois 480 S Rand Rd Lombard, Illinois 202 Yorktown Shopping Center Mount-Prospect, Illinois 1032 Center Drive Naperville, Illinois 2936 Showplace Drive Naperville, Illinois 8 West Gartner Road Suite 120 New-Lenox, Illinois 2081 E Laraway Road Northbrook, Illinois 3101 Dundee Road Suite A Oak-Park, Illinois 7121 W North Avenue Orland-Park, Illinois 15200 S Lagrange Road Park-Ridge, Illinois 10 N Northwest Hwy Riverwoods, Illinois 2037 Milwaukee Ave Rockford, Illinois 6575 E State St Roselle, Illinois 39 Main Street Schaumburg, Illinois 16 E Golf Road Shiloh, Illinois 3720 Green Mount Crossing Drive Shorewood, Illinois 956 Brookforest Ave Skokie, Illinois 5230 W Touhy Ave South-Elgin, Illinois 454 Redington Drive Springfield, Illinois 2450 W Wabash Avenue St-Charles, Illinois 124 Kirk Road Vernon-Hills, Illinois 700 N Milwaukee Suite 139 Westmont, Illinois 19 West Ogden Avenue Wheaton, Illinois 223 Rice Lake Square Willowbrook, Illinois 894 75Th Street Indiana Avon, Indiana 8100 E Us 36 Suite 8 Bloomington, Indiana 210 E Kirkwood Ave Bloomington, Indiana 2894 E 3Rd St 113 Carmel, Indiana 2438 E 146Th St Carmel, Indiana 4000 West 106Th St Suite 145 Crown-Point, Indiana 852 N Superior Dr Downtown-Indianapolis, Indiana 91 N New Jersey St Dyer, Indiana 835 Joliet Street Evansville, Indiana 3431 N Green River Road Fishers, Indiana 11695 Olio Road Fishers, Indiana 8700 North Street Fort-Wayne, Indiana 1034 Thomas Road Suite 105 Fort-Wayne, Indiana 1517 West Dupont Road Granger, Indiana 7135 Heritage Square Drive Greenwood, Indiana 1675 W Smith Valley Road Suite D5 Indianapolis, Indiana 2727 E 86Th Street Suite 115 Indianapolis, Indiana 5220 East Southport Road Indianapolis, Indiana 5858 N College Avenue Suite B Valparaiso, Indiana 510 Ports Vale Blvd Suite 120 West-Lafayette, Indiana 1020 D Sagamore Parkway W Iowa Ames, Iowa 725 24Th Street Suite 103 104 Ankeny, Iowa 833 East 1St Street Cedar-Falls, Iowa 936 Viking Rd Suite 109 Cedar-Rapids, Iowa 4824 1St Ave Ne Clive, Iowa 2171 Nw 111Th St Coralville, Iowa 1303 5Th Street Davenport, Iowa 4520 E 53 St Dubuque, Iowa 2515 Nw Arterial Johnston-Grimes, Iowa 5370 Nw 86Th Street Suite 800 W-Des-Moines, Iowa 375 South Jordan Creek Parkway Kansas Lawrence, Kansas 565 Wakarusa Dr Suite C Leawood, Kansas 11614 Ash Street Lenexa, Kansas 17140 W 87Th St Olathe, Kansas 14995 W 119Th St Olathe, Kansas 20144 W 153Rd St Overland-Park, Kansas 13621 Metcalf Ave Overland-Park, Kansas 9538 Nall Avenue Shawnee, Kansas 11900 Shawnee Mission Pkwy Wichita, Kansas 1423 N Webb Road Suite 159 Wichita, Kansas 2835 N Maize Rd Suite 161 Kentucky Bowling-Green, Kentucky 760 Campbell Lane Brownsboro, Kentucky 4164 Summit Plaza Drive Lexington, Kentucky 2369 Richmond Road Suite 120 Lexington, Kentucky 4040 Finn Way Louisville, Kentucky 116 Sears Avenue Louisville, Kentucky 13317 Shelbyville Road Unit 103 Louisville, Kentucky 918 Baxter Ave Newport, Kentucky 185 Pavilion Parkway Union, Kentucky 9031 Us Highway 42 Suite C Louisiana Baton-Rouge, Louisiana 14650 Village Market St Baton-Rouge, Louisiana 2373 Towne Center Blvd Suite 710 Baton-Rouge, Louisiana 636 Arlington Creek Center Blvd Bldg 4 A Lafayette, Louisiana 109 Old Camp Road Lake-Charles, Louisiana 4540 Nelson Road Suite A Mandeville, Louisiana 3549 Highway 190 Metairie, Louisiana 3620 Hessmer Ave New-Orleans, Louisiana 4141 Bienville St Suite 107 New-Orleans, Louisiana 5300 Tchoupitoulas Street New-Orleans, Louisiana 618 Magazine St Suite 100 Shreveport, Louisiana 1370 E 70Th St Suite 1000 Maine Portland, Maine 23 Marginal Way Portland-South, Maine 364 Maine Mall Road Space W 165 Maryland Annapolis, Maryland 2645 B Housley Rd Baltimore, Maryland 1415 Aliceanna Street Bel-Air-South, Maryland 331 Baltimore Pike Suite 2 Clarksburg, Maryland 22750 Newcut Road Suite 4 College-Park, Maryland 8321 Baltimore Ave Suite A Columbia, Maryland 6181 Old Dobbin Ln Suite 700 Frederick, Maryland 7820 Q Wormans Mill Road Gaithersburg, Maryland 622 Center Point Way Gambrills, Maryland 2515 Evergreen Rd Suite 103 Hunt-Valley, Maryland 118 Shawan Rd Suite Bb0323 Olney, Maryland 18205 Hillcrest Ave Owings-Mills, Maryland 9175 9177 Reisterstown Rd Potomac, Maryland 12435 Park Potomac Avenue R 10 Rockville, Maryland 1601 Rockville Pike 210A Silver-Spring, Maryland 8455 Fenton Street White-Marsh, Maryland 7902 Honeygo Boulevard Massachusetts Andover, Massachusetts 554 Turnpike Street Attleboro, Massachusetts 228 Washington St Suite B290 Belmont, Massachusetts 280 Trapelo Rd Boston, Massachusetts 10 Saint James Avenue Braintree, Massachusetts 250 Granite Street Brighton, Massachusetts 375 Market Street Burlington, Massachusetts 112 Mall Road Cambridge, Massachusetts 270 Third Street Chelmsford, Massachusetts 90 Drum Hill Rd 24 Concord, Massachusetts 80 Beharrell Street Suite C Danvers, Massachusetts 35 Independence Way Dedham, Massachusetts 610 Providence Highway East-Longmeadow, Massachusetts 434 North Main St Hadley, Massachusetts 7 South Maple St Suite B Hanover, Massachusetts 2057 Washington Street Suite 301 Hingham, Massachusetts 15 Shipyard Dr Suite 1B Kingston, Massachusetts 160 Summer Street Leominster, Massachusetts 82 Orchard Hill Park Drive Marlborough, Massachusetts 42 Boston Post Rd West Medway, Massachusetts 67 Main Street Methuen, Massachusetts 90 Pleasant Valley Street Natick, Massachusetts 21 Main Street Quincy, Massachusetts 21 Chestnut Street Reading, Massachusetts 265 Main Street North Saugus, Massachusetts 749 Broadway Shrewsbury, Massachusetts 193 Boston Turnpike Somerville, Massachusetts 383 Revolution Drive 1135 Sudbury, Massachusetts 534 Boston Post Road Suite B Swampscott, Massachusetts 450 Paradise Road Walpole, Massachusetts 985 Old Post Rd Waltham, Massachusetts 500 Totten Pond Rd Wellesley, Massachusetts 56 Central St Westford, Massachusetts 160 Littleton Road Westwood, Massachusetts 268 Washington St Woburn, Massachusetts 348 A Cambridge Rd Worcester, Massachusetts 41 Park Avenue Suite 1 Michigan Ann-Arbor, Michigan 2246 S Main St Ann-Arbor, Michigan 2643 Plymouth Road Birmingham, Michigan 633 South Adams Road Brighton, Michigan 8491 West Grand River Canton, Michigan 41818 Ford Road Commerce-Township, Michigan 39700 West 14 Mile Rd Dearborn, Michigan 22001 Michigan Ave Suite 180 Detroit, Michigan 2911 W Grand Boulevard Suite 128 East-Lansing, Michigan 4790 Hagadorn Road Suite 139 Farmington-Hills, Michigan 31229 W 14 Mile Road Grand-Blanc, Michigan 12821 S Saginaw St Suite D 3 Grand-Rapids, Michigan 2052 East Beltline Ave Ne Grand-Rapids, Michigan 3108 28Th St Se Grosse-Pointe-Woods, Michigan 20853 Mack Avenue Holland, Michigan 12365 James Street Suite 20 Kalamazoo, Michigan 1750 S Drake Road Suite C Northville, Michigan 39725 Traditions Dr Orion-Township, Michigan 3067 S Baldwin Rd Portage, Michigan 3762 W Centre Ave Rochester, Michigan 1470 North Rochester Road Royal-Oak, Michigan 905B S Main Street Shelby-Charter-Township, Michigan 50560 Schoenherr Road Troy, Michigan 3624 Rochester Road Minnesota Apple-Valley, Minnesota 15624 Pilot Knob Road Mississippi Hattiesburg, Mississippi 109 South 31St Avenue Suite 10 Jackson, Mississippi 120 District Blvd East Suite 105 Madison, Mississippi 111 Colony Crossing Suite 460 Olive-Branch, Mississippi 5155 Goodman Rd Oxford, Mississippi 1801 Jackson Ave West Suite D115 Starkville, Mississippi 401 University Dr Unit E Missouri Chesterfield, Missouri 1674 Clarkson Road Clayton, Missouri 4653 Lindell Blvd Columbia, Missouri 3103 W Broadway 115 Ellisville, Missouri 15949 Manchester Rd Fenton, Missouri 528 Old Smizer Mill Rd Kansas-City, Missouri 1706 Baltimore Av Kansas-City, Missouri 6006 Nw 63Rd Terrace Kansas-City, Missouri 6236 Main Street Ladue, Missouri 10277 Clayton Road Lake-St-Louis, Missouri 6307 Ronald Reagan Drive Lee-S-Summit, Missouri 910 Nw Blue Parkway Suite A Liberty, Missouri 117 S Stewart Rd Rock-Hill, Missouri 9434 Manchester Rd Springfield, Missouri 2862 S Glenstone St-Charles, Missouri 1650 Beale Street Suite 170 St-Louis, Missouri 11457 Olive Blvd St-Louis, Missouri 12434 Tesson Ferry Road St-Louis, Missouri 5670 Telegraph Rd St-Peters, Missouri 6201 6203 Mid Rivers Mall Dr Montana Billings, Montana 824 Shiloh Crossing Blvd Suite 3 Bozeman, Montana 1040 S Fowler Ave Suite 103 Missoula, Montana 3624 Brooks Street Space 1014 Nebraska Downtown-Omaha, Nebraska 302 S 11Th St Lincoln, Nebraska 7811 Pioneers Blvd Lincoln, Nebraska 8601 S 30Th St Midtown-Omaha, Nebraska 159 North 78Th Street Omaha, Nebraska 14450 Eagle Run Drive Suite 110 Omaha, Nebraska 16909 Burke Street Suite 122 Papillion, Nebraska 9820 S 71St Plaza Nevada Henderson, Nevada 10271 Eastern Ave 103 105 Henderson, Nevada 691 Marks Street Suite D Las-Vegas, Nevada 4245 South Grand Canyon Drive 109 Las-Vegas, Nevada 5990 S Rainbow Blvd Suite 200 Las-Vegas, Nevada 8085 Blue Diamond Road Suite 101 Las-Vegas, Nevada 8431 W Farm Rd Suite 160 Las-Vegas, Nevada 9326 W Sahara Ste 4 Reno, Nevada 1575 Robb Drive Suite 1 Reno, Nevada 8056 South Virginia Street Suite 1 New Hampshire Bedford, New-Hampshire 121 South River Rd Unit 4 Concord, New-Hampshire 50 Storrs Street Unit 4 Dover, New-Hampshire 865A Central Avenue Londonderry, New-Hampshire 30 Main St Manchester, New-Hampshire 545 Hooksett Road Nashua, New-Hampshire 104 Spit Brook Road Suite C Nashua, New-Hampshire 345 Amherst Street Portsmouth, New-Hampshire 2454 Lafayette Road Salem, New-Hampshire 236 North Broadway Unit A New Jersey Bayonne, New-Jersey 189 E 22Nd St Bedminster, New-Jersey 434 U S 202 Brick-Township, New-Jersey 744 Nj 70 Cherry-Hill, New-Jersey 929 Haddonfield Rd Suite A Clinton, New-Jersey 65 Walmart Plz Suite 23 Closter, New-Jersey 111 Vervalen St Denville, New-Jersey 3130 Nj 10 Deptford, New-Jersey 1500 Almonesson Rd East-Rutherford, New-Jersey 150 Route 17 Edgewater, New-Jersey 725 River Road Edison, New-Jersey 55 Parsonage Rd Suite 2400C Englishtown, New-Jersey 104 U S 9 Flemington, New-Jersey 295 Us 202 Freehold, New-Jersey 4345 Highway 9 Garwood, New-Jersey 502 North Avenue Hackensack, New-Jersey 450 Hackensack Ave Jersey-City, New-Jersey 475 Washington Blvd Mendham, New-Jersey 84 East Main Street Middletown, New-Jersey 846 Route 35S Millburn, New-Jersey 290 Millburn Avenue Montvale, New-Jersey 44 Farm View Moorestown, New-Jersey 400 West Route 38 Unit 1400 New-Providence, New-Jersey 1260 Springfield Avenue 11A North-Brunswick-Township, New-Jersey 764 Shoppes Blvd Parsippany, New-Jersey 38 Waterview Boulevard Princeton, New-Jersey 640 Nassau Park Blvd Ramsey, New-Jersey 15 Interstate Shopping Center Robbinsville, New-Jersey 691 Us 130 E Rockaway-Township, New-Jersey 395 Mt Hope Avenue Sewell, New-Jersey 380 Egg Harbor Rd Suite C2 Shrewsbury, New-Jersey 460 Shrewsbury Plaza Somerville, New-Jersey 882 Route 22 Totowa, New-Jersey 650 Union Blvd Voorhees-Township, New-Jersey 148 Route 73 Suite 4 Wayne, New-Jersey 1160 Hamburg Turnpike Store 4 West-Windsor-Township, New-Jersey 352 Princeton Hightstown Rd Suite 7 New Mexico Albuquerque, New-Mexico 5010 Cutler Ave Ne Suite F Albuquerque, New-Mexico 6361 Riverside Plaza Lane Nw Albuquerque, New-Mexico 8850 Holly Avenue Ne Santa-Fe, New-Mexico 516 W Cordova St New York Albany, New-York 1704 Western Avenue Astoria, New-York 31 57 31St St Bayshore, New-York 1701 Sunrise Highway Bayside, New-York 41 19 Bell Boulevard Bethpage, New-York 4041B Hempstead Turnpike Brooklyn, New-York 157 Kent Avenue Brooklyn, New-York 186 Montague Street 2Nd Floor Brooklyn, New-York 248 Flatbush Avenue Brooklyn, New-York 485 Kings Hwy Buffalo, New-York 8242 Transit Rd Carle-Place, New-York 211 Glen Cove Road Clifton-Park, New-York 54 Crossing Blvd Suite V East-Meadow, New-York 2314A Hempstead Turnpike East-Northport, New-York 4000 Jericho Turnpike Farmingdale, New-York 253 Airport Plaza Blvd Forest-Hills, New-York 107 14 70Th Rd Garden-City-Park, New-York 2333 Jericho Turnpike Greenvale, New-York 61 Glen Cove Rd Hamburg, New-York 3701 Mckinley Parkway Hewlett, New-York 1312 Broadway Ithaca, New-York 614 South Meadow Street Ithaca Ny 14850 Latham, New-York 800 Loudon Rd Suite 900 Liverpool, New-York 3881 Route 31 Suite 400 Long-Island, New-York 392 West Sunrise Highway Long-Island-City, New-York 21 10 44Th Drive Mamaroneck, New-York 811 Mamaroneck Ave Manhattan, New-York 605 Third Ave Massapequa, New-York 4914 Merrick Road Melville, New-York 500 Walt Whitman Rd Merrick, New-York 1976 Merrick Rd Monroe, New-York 300 Larkin Drive Mt-Kisco, New-York 222 E Main Street Nanuet, New-York 27 Rockland Plaza New-City, New-York 195 South Main Street New-Hyde-Park, New-York 1706 Lakeville Road New-York, New-York 100 William St New-York, New-York 120 West 72Nd Street New York Ny 10023 New-York, New-York 124 West 23Rd St New-York, New-York 1551 Niagara Falls Blvd New-York, New-York 220 East 86Th St New-York, New-York 321 West 37Th Street New-York, New-York 391 6Th Ave New-York, New-York 45 West 45Th Street New-York, New-York 51 Astor Place New-York, New-York 62 Crosby Street New-York, New-York 73 W 92Nd St Newburgh, New-York 1217 Ny 300 Oceanside, New-York 3563 Long Beach Rd Pittsford, New-York 3340 Monroe Ave Port-Jefferson-Station, New-York 5040 5050 Nesconset Highway Port-Washington, New-York 1013 Port Washington Blvd Poughkeepsie, New-York 1895 South Road Rockville-Centre, New-York 315 Merrick Road Sayville, New-York 5640 Sunrise Highway Scarsdale, New-York 1019 Central Park Ave Schenectady, New-York 3333 Consaul Road Seaford, New-York 3940 Merrick Rd Smithtown, New-York 62 E Main Street Staten-Island, New-York 1275 Woodrow Rd Staten-Island, New-York 2409 Richmond Avenue Stony-Brook, New-York 2306 Nesconset Highway Syosset, New-York 103 Jackson Avenue Syracuse, New-York 3150 Erie Boulevard East Tarrytown, New-York 624 White Plains Rd Tuckahoe, New-York 150 Main Street Victor, New-York 400 Commerce Dr Suite 900 Webster, New-York 1900 Empire Blvd Suite 125 West-Babylon, New-York 733 Sunrise Highway White-Plains, New-York 245 Mamaroneck Ave Yorktown-Heights, New-York 650 Lee Blvd North Carolina Asheville, North-Carolina 1816 Hendersonville Rd 60 Cary, North-Carolina 1204 Parkside Main Street Cary-Apex, North-Carolina 107 Edinburgh S Dr Chapel-Hill, North-Carolina 104 Meadowmont Village Circle Chapel-Hill-North, North-Carolina 1129 Weaver Dairy Rd Suite Aa 1 Charlotte, North-Carolina 1414 S Tryon Street Suite 160 Charlotte, North-Carolina 14825 Ballantyne Village Way Suite A180 Charlotte, North-Carolina 2317 South Blvd Charlotte, North-Carolina 3016 B Prosperity Church Rd Charlotte, North-Carolina 4301 Park Rd Suite D Charlotte, North-Carolina 601 S Kings Drive Suite J Charlotte, North-Carolina 8038 Providence Road Suite 100 Charlotte, North-Carolina 8402 Park Road Cornelius, North-Carolina 20619 Torrence Chapel Rd Durham, North-Carolina 1843 Martin Luther King Jr Pkwy Durham, North-Carolina 202 W North Carolina 54 503 Fayetteville, North-Carolina 1800 Skibo Road Greensboro, North-Carolina 1410 Westover Terrace Suite 100 B Greensboro, North-Carolina 5710 Gate City Boulevard Suites Suite T Greenville, North-Carolina 518 Greenville Blvd Se Suite D Harrisburg, North-Carolina 4075 Harris Square Drive Holly-Springs, North-Carolina 141 Grand Hill Place Mooresville, North-Carolina 631 Brawley School Rd Morrisville, North-Carolina 1112 Market Center Drive Raleigh, North-Carolina 200 Park At North Hills Street Suite 131 Raleigh, North-Carolina 6625 Falls Of Neuse Road Suite 107 Raleigh-Nc, North-Carolina 4233 Corners Pkwy Suite 270 Steele-Creek, North-Carolina 14154 Steele Creek Road Wake-Forest, North-Carolina 12646 Capital Blvd Suite 152 Wilmington, North-Carolina 1412 Barclay Pointe Blvd Suite 1002 Wilmington, North-Carolina 6800 Parker Farm Drive Winston-Salem, North-Carolina 367 Lower Mall Drive North Dakota Fargo, North-Dakota 4501 15Th Ave Grand-Forks, North-Dakota 2800 S Columbia Road 342 Ohio Akron, Ohio 34 North Hawkins Avenue Suite 305 Anderson-Township, Ohio 7632 Beechmont Ave Avon, Ohio 35880 Detroit Rd Unit I Beachwood, Ohio 2101 Richmond Rd Beavercreek, Ohio 2484 North Fairfield Road Bexley, Ohio 2224 E Main Street Boardman, Ohio 463 Boardman Poland Road Brecksville, Ohio 8259 Chippewa Road Canal-Winchester, Ohio 6047 Gender Road Canton, Ohio 4342 Belden Village St Nw Cincinnati, Ohio 3202 Vandercar Dr Cincinnati, Ohio 3831 Edwards Road Cincinnati, Ohio 8154 Montgomery Road Cleveland, Ohio 11500 Euclid Avenue Cleveland, Ohio 740 Prospect Avenue East Columbus, Ohio 1009 W 5Th Avenue Columbus, Ohio 3096 Kingsdale Ctr Columbus, Ohio 3383 N High Street Columbus, Ohio 6819 E Broad Street Copley, Ohio 4161 Heritage Center Dr Dublin, Ohio 6505 Perimeter Drive Dublin, Ohio 7581 Sawmill Road Gahanna, Ohio 319 Stoneridge Lane Grove-City, Ohio 2718 London Groveport Rd Hamilton, Ohio 3397 Princeton Rd 105 Hilliard, Ohio 3959 Britton Parkway Hudson, Ohio 5827 Darrow Rd Lakewood, Ohio 14202 Detroit Rd Lewis-Center, Ohio 6473 Pullman Dr Macedonia, Ohio 746 E Aurora Rd Ste 4 Mason, Ohio 8267 Arbor Square Drive Medina, Ohio 1120 North Court St Mentor, Ohio 7519 Mentor Avenue Suite A14 Miamisburg, Ohio 3645 Rigby Rd Montgomery, Ohio 11206 Montgomery Rd N-Olmsted, Ohio 26092 Brookpark Rd New-Albany, Ohio 7340 Fodor Rd Orange, Ohio 200 Park Avenue Suite 144 Perrysburg, Ohio 3190 Chappel Dr Pickerington, Ohio 10710 Blacklick Eastern Rd Nw Rocky-River, Ohio 19800 Center Ridge Rd Short-North-Columbus, Ohio 977 N High St Solon, Ohio 6025 Kruse Drive Strongsville, Ohio 18105 Southpark Center Toledo, Ohio 3504 Secor Rd Suite 310 West-Chester, Ohio 7641 Voice Of America Centre Drive Westerville, Ohio 823 Polaris Pkwy Westlake, Ohio 30676 Detroit Rd Oklahoma Edmond, Oklahoma 3325 S Boulevard St Suite 141 Moore, Oklahoma 825 Sw 19Th St Suite 6 Nichols-Hills, Oklahoma 6488A Avondale Drive Norman, Oklahoma 3700 West Robinson Suite 120 124 Oklahoma-City, Oklahoma 12220 N Macarthur Blvd Suite E Stillwater, Oklahoma 705 N Main Street Tulsa, Oklahoma 9118 S Sheridan Rd Tulsa-North-Brookside, Oklahoma 1551 E 15Th St Suite 103 Oregon Beaverton, Oregon 3905 Sw 117Th Ave Suite H Beaverton, Oregon One Bowerman Drive Bend, Oregon 320 Sw Powerhouse Drive 150 Corvallis, Oregon 1838 Nw 9Th St Suite 112 Eugene, Oregon 23 Oakway Center Gresham, Oregon 697 Nw Division Street Happy-Valley, Oregon 16126 Se Happy Valley Town Center Dr 201 Hillsboro, Oregon 965 Ne Orenco Station Parkway Lake-Oswego, Oregon 4025 Mercantile Drive Suite 120 Medford, Oregon 171 Rossanley Drive Suite 109 Oregon-City, Oregon 395 Beavercreek Road Portland, Oregon 1107 Ne 9Th Avenue Portland, Oregon 11800 Nw Cedar Falls Drive Suite 108 Portland, Oregon 205 229 Nw 10Th Ave Portland, Oregon 3602 Southeast Powell Boulevard Suite 2 Portland, Oregon 3642 Sw River Parkway Portland, Oregon 888 Se 9Th Ave Suite 100 Portland-Downtown, Oregon 2195 Nw Raleigh Street Salem, Oregon 4405 Commercial Street Se Suite 100 Tigard, Oregon 12268 Sw Scholls Ferry Road Tualatin, Oregon 19221 Sw Martinazzi Ave West-Linn, Oregon 19151 Williamette Drive Wilsonville, Oregon 29756 Sw Town Center Loop West Suite 7L Pennslyvania Allentown, Pennsylvania 4713 Tilghman Street Ardmore, Pennsylvania 139 West Lancaster Ave Audubon, Pennsylvania 613 South Trooper Rd Bethel-Park, Pennsylvania 301 South Hills Village Blue-Bell, Pennsylvania 1510 Dekalb Pike Conshohocken, Pennsylvania 48 E Ridge Pike Suite B3 Coraopolis, Pennsylvania 630 Chauvet Dr Easton, Pennsylvania 3758 Easton Nazareth Highway Exton, Pennsylvania 294 Main St Glen-Mills, Pennsylvania 101 Applied Bank Boulevard Suite D 1 Harrisburg, Pennsylvania 4640 High Pointe Blvd Suite A7 Kingston, Pennsylvania 401 Market Street Unit 101 Lancaster, Pennsylvania 1655 Lititz Pike Lancaster, Pennsylvania 2963 Columbia Ave Langhorne, Pennsylvania 144 N Flowers Mill Rd Monroeville, Pennsylvania 4145 William Penn Highway Newtown, Pennsylvania 2140 South Eagle Road North-Wales, Pennsylvania 1210 Bethlehem Pike A5 Paoli, Pennsylvania 82 East Lancaster Ave Philadelphia, Pennsylvania 1050 N Hancock Street Suite 58 Philadelphia, Pennsylvania 1625 Chestnut Street Pittsburgh, Pennsylvania 5841 Penn Ave Royersford, Pennsylvania 1836 E Ridge Pike 104 Springfield, Pennsylvania 131 S State Road State-College, Pennsylvania 106 South Atherton Street University-City, Pennsylvania 3711 Market Street Warrington, Pennsylvania 1661 Easton Road Wayne, Pennsylvania 821 W Lancaster Ave West-Chester, Pennsylvania 672 Downingtown Pike Wexford, Pennsylvania 12003 Perry Highway Willow-Grove, Pennsylvania 164 Park Avenue Wyomissing, Pennsylvania 2791 Paper Mill Rd Suite 3 Rhode Island Cranston, Rhode-Island 4 Chapel View Boulevard Providence, Rhode-Island 563 N Main St Warwick, Rhode-Island 1200 Quaker Lane South Carolina Charleston, South-Carolina 975 Savannah Hwy Clemson, South-Carolina 1390 Tiger Blvd Unit 112 Columbia, South-Carolina 10296 Two Notch Rd Suite 2 Florence, South-Carolina 1945 West Palmetto Street Fort-Mill, South-Carolina 1329 Broadcloth Street Rnsuite 105 Greenville, South-Carolina 101 Falls Park Drive Suite 101 Greenville, South-Carolina 1143 Woodruff Rd Greer, South-Carolina 870 E Suber Rd Suite 110 Hilton-Head, South-Carolina 430 William Hilton Parkway Irmo, South-Carolina 7467 St Andrews Road Suite 7B Lexington, South-Carolina 5230 Sunset Blvd Suite D Mt-Pleasant, South-Carolina 695 Johnnie Dodds Blvd Myrtle-Beach, South-Carolina 7753 North Kings Highway North-Mt-Pleasant, South-Carolina 1137 Oakland Market Rd Rock-Hill, South-Carolina 2674 Celanese Rd Suite 107 Se-Columbia, South-Carolina 4708 Forest Drive Simpsonville, South-Carolina 655 Fairview Road Suite C 2 Spartanburg, South-Carolina 1915 E Main Street Summerville, South-Carolina 1101 N Main Street South Dakota Sioux-Falls, South-Dakota 419 W85Th Street Tennessee Brentwood, Tennessee 690 Old Hickory Blvd Suite 102 Chattanooga, Tennessee 300 Cherokee Blvd Chattanooga, Tennessee 7407 Igou Gap Road Clarksville, Tennessee 1011 Winn Way Suite 125 Cleveland, Tennessee 640 Paul Huff Parkway Suite 303 East-Nashville, Tennessee 1214 Gallatin Ave Suite 125 Franklin, Tennessee 790 Jordan Rd Suite 106 Germantown, Tennessee 9067 Poplar Ave Suite 105 Hendersonville, Tennessee 281 Indian Lake Blvd Suite 200 Hixson, Tennessee 5207 Highway 153 Suite 113 Knoxville, Tennessee 11674 Parkside Drive Suite 674 Knoxville, Tennessee 122 N Forest Park Blvd Lakeland, Tennessee 2961 Canada Road Suite 111 112 Memphis, Tennessee 4615 Poplar Avenue Suite 12 Mt-Juliet, Tennessee 11199 Lebanon Rd Murfreesboro, Tennessee 2615 Medical Center Parkway Suite 1730 Nashville, Tennessee 121 17Th Avenue South Nashville, Tennessee 2104 Crestmoor Rd Nashville, Tennessee 2603 8Th Ave South Nashville, Tennessee 6720 Charlotte Pike Suite 102 Spring-Hill, Tennessee 2047 Wall Street Texas Abilene, Texas 3950 Catclaw Drive Allen, Texas 945 W Stacy Rd Suite 180 Amarillo, Texas 4280 South Soncy Rd Suite 400 Arlington, Texas 1805 N Collins Suite 111 Arlington, Texas 4000 Five Points Blvd 155 Austin, Texas 10721 Research Blvd Suite A 100 Austin, Texas 1100 S Lamar Blvd Austin, Texas 1211 East 5Th Street Austin, Texas 12314 N Interstate Hwy 35 105 Austin, Texas 13000 N Fm 620 105 Austin, Texas 14900 Avery Ranch Blvd Suite A 100 Austin, Texas 3100 Esperanza Crossing Suite 118 Austin, Texas 4601 N Lamar Blvd 508 Austin, Texas 5601 Brodie Lane Suite 1200B Austin, Texas 5700 W Slaughter Lane Suite 260 Austin, Texas 7301 N Fm 620 Suite 175 Austin, Texas 7415 Southwest Pkwy Building 5D Austin, Texas 9500 South Ih 35 Ste L800 Brownsville, Texas 3230 Pablo Kisel Blvd Suite E 109 And E110 Burleson, Texas 1561 Sw Wilshire Blvd Suite 405 Cedar-Hill, Texas 305 W Fm 1382 220 Cedar-Park, Texas 5001 183A Toll Road Suite L100 Cibolo, Texas 513 Cibolo Valley Dr College-Station, Texas 1025 University Dr 103 College-Station, Texas 11655 Fm 2154 Suite 200 Colleyville, Texas 4709 Colleyville Blvd Suite 500 Conroe, Texas 2105 W Davis St Suite B Coppell, Texas 240 N Denton Tap Road Suite 440 Corpus-Christi, Texas 4938 South Staples St Suite C 18 Cypress, Texas 28404 Highway 290 Suite G21 Cypress, Texas 9925 Barker Cypress Rd Suite 143 Dallas, Texas 18101 Preston Road Unit 105 Dallas, Texas 1911 Abrams Rd Dallas, Texas 4447 N Central Expy Suite 100 Dallas, Texas 5290 Belt Line Road Suite 156 Dallas, Texas 5549 W Lovers Lane Dallas, Texas 6065 Forest Lane Dallas, Texas 7949 Walnut Hill Ln Suite 165 Dominion, Texas 22111 Ih 10 W Downtown-Austin, Texas 401 West Third Street El-Paso, Texas 1960 George Dieter Drive Bldg 4 El-Paso, Texas 6801 N Mesa Street Suite B 8 Flower-Mound, Texas 4271 Esplanade Place Fort-Worth, Texas 2600 West 7Th Street Suite 131 Fort-Worth, Texas 5701 Bryant Irvin Road Suite 106 Fort-Worth, Texas 9500 Feather Grass Ln Friendswood, Texas 1769 S Friendswood Dr Suite 100 Frisco, Texas 15910 Eldorado Parkway Frisco, Texas 3555 Legacy Dr Suite 100 Frisco, Texas 4350 W Main Street Suite 100 Ft-Worth, Texas 6201 Sunset Drive Suite 680 Georgetown, Texas 1500 Rivery Blvd Suite 340 Harker-Heights, Texas 3045 Stillhouse Lake Road Suite 108 Harlingen, Texas 6710 W Expressway 83 Suite 104 Houston, Texas 1111 Eldridge Pkwy Houston, Texas 15556 Cutten Road Suite 100 Houston, Texas 16402 W Lake Houston Parkway Suite 200 Houston, Texas 2315 Edwards St 135 Houston, Texas 2400 Mid Lane Rd Houston, Texas 2511 Bissonnet Street Houston, Texas 3004 Yale St Suite 200 Houston, Texas 3415 Louisiana St Houston, Texas 3905 Bellaire Rd Houston, Texas 6415 A San Felipe Road Houston, Texas 700 Town And Country Blvd Suite 2430 Hutto, Texas 4810 Gattis School Road Irving, Texas 7600 N Macarthur Blvd 140 Katy, Texas 23144 Cinco Ranch Blvd Keller, Texas 101 Town Center Ln Suite A108 Kingwood, Texas 4525 Kingwood Drive Suite 100 Kyle, Texas 5940 Kyle Parkway Lakeway, Texas 1516 620 South Ste 100 Laredo, Texas 3502 E Del Mar Suite 6 Leander, Texas 3421 N Lakeline Blvd Lewisville, Texas 6201 N Josey Ln 200 Lubbock, Texas 5214 98Th Street Suite 300 Lubbock-North, Texas 4410 19Th St Unit 120 Mansfield, Texas 3141 E Broad Street Suite 221 Mcallen, Texas 2700 W Expressway 83 Mcallen, Texas 5800 North 10Th Street Suite 110 Mckinney, Texas 3625 W University Drive Suite 100 Mesquite, Texas 1765 North Town Easy Blvd Suite 141 Midland, Texas 4410 N Midkiff Rd Suite B1 Mueller, Texas 1911 Aldrich St Suite 175 Murphy, Texas 601 14Th St Unit 300 New-Braunfels, Texas 1691 W State Highway 46 Odessa, Texas 6149 E Hwy 191 Pasadena, Texas 7730 Spencer Highway Pearland, Texas 9517 W Broadway Suite 115 Plano, Texas 1300 W Plano Parkway 140 Plano, Texas 2208 Dallas Parkway Suite 321 Plano, Texas 8245 Preston Rd Suite 200 Prosper, Texas 790 Preston Road Suite 40 Quarry-Village, Texas 320 E Basse Road Suite 320 107 Richmond, Texas 10169 W Grand Parkway S Suite 200 Rockwall, Texas 1063 E Interstate 30 103 Round-Rock, Texas 311 University Blvd Suite 100 Round-Rock, Texas 661 Louis Henna Blvd Suite 450 San-Angelo, Texas 5582 Sherwood Way 600 San-Antonio, Texas 10538 Potranco Rd San-Antonio, Texas 11600 Bandera Road San-Antonio, Texas 12055 Vance Jackson Rd San-Antonio, Texas 13429 San Pedro Ave San-Antonio, Texas 15900 La Cantera Parkway Suite 6698 San-Antonio, Texas 18018 Overlook Loop Suite 101 San-Antonio, Texas 20811 Us Hwy 281 San-Antonio, Texas 427 N Loop 1604 W Suite 106 San-Antonio, Texas 5619 Nw Loop 1604 Suite 122 San-Antonio, Texas 6482 N New Braunfels San-Marcos, Texas 243 Wonder World Drive Suite 108 Southlake, Texas 621 East Southlake Blvd Suite 100 Spring, Texas 6600 Spring Stuebner Rd Suite B9 Sugar-Land, Texas 15890 Southwest Freeway Suite 300 Sugar-Land, Texas 18841 University Blvd Suite 420 Temple, Texas 3118 S 31St St Tyler, Texas 419 Wsw Loop 323 University-City, Texas 3150 Pat Booker Road Victory-Park, Texas 625 High Market Street Suite 100 Waco, Texas 1428 Wooded Acres Dr Suite 116 Webster, Texas 136 W Bay Area Blvd Westlake, Texas 3300 Bee Caves Road 200 Woodlands, Texas 4747 Research Forest Dr Suite 445 Utah American-Fork, Utah 499 S 500 E Suite A Bountiful, Utah 85 West 500 South Cottonwood-Heights, Utah 6953 S 1300 E Draper, Utah 111 East 13800 South Holladay, Utah 4655 S 2300 E Suite 103 Kaysville, Utah 349 North Flint Street Lehi, Utah 1536 E 3500 N 101 Orem, Utah 1345 S State Street Park-City, Utah 1678 West Redstone Center Drive Riverton, Utah 4534 W Patridgehill Ln Suite E 150 Salt-Lake-City, Utah 1202 E Wilmington Avenue Suite 100 Salt-Lake-City, Utah 602 East 500 S Sandy, Utah 10261 S State St South-Jordan, Utah 11516 District Drive Suite 600 South-Ogden, Utah 5755 S Harrison Blvd Ste B Hwy 89 Vermont Burlington, Vermont 580 Shelburne Rd Virginia Alexandria, Virginia 1101 King Street Alexandria, Virginia 1801 Richmond Highway Alexandria, Virginia 2381 Eisenhower Avenue Alexandria, Virginia 3624 King Street Alexandria, Virginia 5900 Kingstowne Center Suite 100 Arlington, Virginia 1221 S Fern Street C 1 Arlington, Virginia 1776 Wilson Blvd Arlington, Virginia 3001 Washington Blvd Arlington, Virginia 4201 Wilson Blvd Arlington, Virginia 4231 Columbia Pike Ashburn, Virginia 44050 Ashburn Shopping Plaza 189 Bristow, Virginia 10295 Bristow Center Drive Burke, Virginia 9534 Old Keene Mill Road Cave-Spring, Virginia 5010 Keagy Rd Centreville, Virginia 14145 Saint Germaine Drive Charlottesville, Virginia 1935 Arlington Boulevard Charlottesville, Virginia 930 Olympia Drive Suite 8 Chesapeake, Virginia 801 Volvo Parkway Suite 138 Chesapeake, Virginia 940 Cedar Rd Ste 108 Christiansburg, Virginia 2767 Market St Fairfax, Virginia 10334 Fairfax Blvd Unit 210 Fairfax, Virginia 13063 Lee Jackson Memorial Highway Fairfax-City, Virginia 10621 Braddock Road Suite J Fairfax-Station, Virginia 9027 Silverbrook Rd 101 Falls-Church, Virginia 510 S Washington Street Falls-Church, Virginia 6341 Columbia Pike Ste D Falls-Church, Virginia 6404D Arlington Blvd Falls-Church, Virginia 7505 Leesburg Pike Suite M Fredericksburg, Virginia 10002 Southpoint Pkwy Gainesville, Virginia 14062 Promenade Commons Ct Harrisonburg, Virginia 1005 Port Republic Rd Henrico, Virginia 11819 West Broad St Henrico, Virginia 6984 Forest Avenue Lake-Ridge, Virginia 4172 Merchant Plaza Leesburg, Virginia 545 East Market Street Suite A Mclean, Virginia 6623 Old Dominion Drive Midlothian, Virginia 15801 City View Drive Newport-News, Virginia 12515 Jefferson Ave Norfolk, Virginia 333 W 21St St Pickett, Virginia 9420 Main Street 13 Reston, Virginia 11410 Reston Station Blvd South-Riding, Virginia 25150 Loudoun County Parkway Springfield, Virginia 7269 Commerce St Suite 33B Stafford, Virginia 308 Worth Ave Sterling, Virginia 20806 Edds Lane Suffolk, Virginia 1500 Bridgeport Way Suite 108 Tysons, Virginia 1430 Spring Hill Road Suite 150 Vienna, Virginia 127 Maple Avenue W Vienna, Virginia 2672 Avenir Place Q Virginia-Beach, Virginia 2111 Princess Anne Rd Suite 106 Virginia-Beach, Virginia 737 First Colonial Road 216 Williamsburg, Virginia 1430 Richmond Road Suite B07 707 Winchester, Virginia 2016 S Pleasant Valley Rd Washington Auburn, Washington 1408 Lake Tapps Parkway Suites 103 104 Bellevue, Washington 30 Bellevue Way Ne Bellingham, Washington 340 342 36Th Street Bothell, Washington 22627 Bothell Everett Hwy Suite A Everrett, Washington 12902 Bothell Everett Highway Federal-Way, Washington 35007 Enchanted Parkway South Gig-Harbor, Washington 4935 Point Fosdick F500 Issaquah, Washington 1676 9Th Avenue Ne Suite 100 Kennewick, Washington 4101 W 27Th Place Ste B110 120 Kirkland, Washington 207 Park Lane Lakewood, Washington 3626 Market Place West Suite 104 Lynwood, Washington 19723 Highway 99 Suite L Maple-Valley, Washington 26555 Maple Valley Black Diamond Se Suite 102 Mercer-Island, Washington 2601 76Th Ave Se North-Spokane, Washington 410 E Holland Ave Ste E Olympia, Washington 1520 Cooper Point Road Suite 480 Puyallup, Washington 16810 Meridian E Bldg K Suite 109 Redmond, Washington 16535 Ne 76Th St Redmond, Washington 2690 152Nd Ave Ne Suite 150 Renton, Washington 3895 Ne 4Th Street Richland, Washington 1034 Queensgate Dr Sammamish, Washington 22830 Ne 8Th Street Suite 103 Seattle, Washington 1325 N 45Th Street Seattle, Washington 2032 Nw Market St Seattle, Washington 2310 5Th Ave Suite 3 Seattle, Washington 4755 Fauntleroy Way Sw Suite 130 Seattle, Washington 500 Mercer St Seattle, Washington 519 Broadway Avenue East Suite 8 Seattle, Washington 7317 35Th Avenue Ne Shoreline, Washington 18336 Aurora Ave N Suite 108 Spokane, Washington 2620 East 29Th Avenue Tacoma, Washington 637 Division Ave Vancouver, Washington 530 Se 192Nd Ave 104 Vancouver, Washington 700 Waterfront Way Vancouver, Washington 7902 Ne 6Th Avenue Suite 104 West Virginia Barboursville, West-Virginia 3034 Champion Dr Charleston, West-Virginia 310 Southridge Blvd Morgantown, West-Virginia 360 Suncrest Towne Centre Wisconsin Appleton, Wisconsin 4301 W Wisconsin Ave Brookfield, Wisconsin 95 N Moorland Rd Unit F10 Delafield, Wisconsin 3149 Golf Rd Madison, Wisconsin 2501 W Beltline Highway Suite 105 Madison, Wisconsin 7803 Mineral Point Road Menomonee-Falls, Wisconsin W180N9460 Premier Lane Mequon, Wisconsin 6071 W Mequon Rd Milwaukee, Wisconsin 336 N Milwaukee St Shorewood, Wisconsin 4155 N Oakland Ave Sun-Prairie, Wisconsin 1261 Cabela Drive Wauwatosa, Wisconsin 7498 West State Street Wyoming Jackson-Hole, Wyoming 150 W Simpson Ave Canada Alberta Calgary, Alberta 126 11988 Symon S Valley Road Nw Calgary, Alberta 1931 33 Ave Sw Calgary, Alberta 301 10Th St Nw Calgary, Alberta 5132 Elbow Drive Sw Calgary, Alberta 70 Shawville Blvd Se Calgary, Alberta 873 85Th Street Sw 8003 Calgary, Alberta 8888 Country Hills Blvd Nw 317 Calgary, Alberta Unit 380 2700 Main St Callingwood, Alberta 6621 177 Street Nw Edmonton, Alberta 10811 Jasper Avenue Nw Edmonton, Alberta 15049 Stony Plain Road Edmonton, Alberta 16640 95 Street Edmonton, Alberta 484 Riverbend Square Edmonton, Alberta 4841 167 Avenue Nw Edmonton, Alberta 5061 Ellerslie Road Edmonton, Alberta 7911 104 Street Ft Mcmurray, Alberta Unit 1 145 Eagle Ridge Blvd Grand Prairie, Alberta Unit 102 11510 Westgate Dr Lethbridge, Alberta 200 550 University Drive Medicine Hat, Alberta 104 1820 Strachan Road Se Okotoks, Alberta 1003 200 Southridge Drive Red Deer, Alberta 130 6 Clearview Market Way Sherwood Park, Alberta 86 993 Fir Street Spruce Grove, Alberta 7 Mcleod Avenue 118 St Albert, Alberta Unit 37 11 Bellerose Drive British Columbia Chilliwack, British Columbia 502 8236 Eagle Landing Parkway Kamloops, British Columbia 260 1210 Summit Drive Kelowna, British Columbia 115 590 Klo Road Langford, British Columbia Unit 133 2956 Jacklin Road Langley, British Columbia 128 19665 Willowbrook Drive Nanaimo, British Columbia 5765 Turner Rd Unit 2 Port Moody, British Columbia 400 Capilano Road 11 Prince George, British Columbia 3055 Massey Drive Richmond Hill, British Columbia 15355 24Th Avenue Unit 540 Vancouver, British Columbia 105 1160 Davie St Vancouver, British Columbia 110 2653 Tretheway Street Vancouver, British Columbia 1171 Marine Drive 107 Vancouver, British Columbia 135 1210172 Ave Vancouver, British Columbia 3097 West Broadwayrnvancouver Bc V6K 2G9 Vancouver, British Columbia 3479 Sawmill Crescent Vancouver, British Columbia 4 2892 Cambie Street Vancouver, British Columbia 66 1055 Canada Place Vancouver, British Columbia Unit 190 19489 Seton Crescent Se Victoria, British Columbia 1010 2 Yates Street Manitoba Winnipeg, Manitoba 3647 Portage Ave Winnipeg, Manitoba 50 Sage Creek Blvd Unit 802 Winnipeg, Manitoba 7 1170 Taylor Avenue Winnipeg, Manitoba 7 3014 Henderson Highway Winnipeg, Manitoba Unit 310 350 North Town Road Newfoundland St John S, Newfoundland 2 Danny Drive St Johns Newfoundland, Newfoundland 70 White Rose Drive Unit 1 Nova Scotia Bedford, Nova Scotia 1201 Larry Uteck Blvdrnunit 101 Halifax, Nova Scotia 6140 Young Street Unit 40 Ontario Ancaster, Ontario Unit 3 1191 Wilson Street West Barrie, Ontario 15 Maple Avenue Bolton, Ontario 196 Mcewan Road East Unit 13 Bowmanville Clarington, Ontario 2372 Highway 2 Unit C5 Brampton, Ontario 35 Resolution Drive Unit J08 Brampton, Ontario 8275 Financial Drive Burlington, Ontario 3315 Fairview Street Burlington, Ontario 3450 Dundas St West Cambridge, Ontario 350 Hespeler Rd Unit 2 Etobicoke, Ontario 6 Park Lawn Road Guelph, Ontario 84 Clair Rd E Hamilton, Ontario 75 Centennial Parkway North Kingston, Ontario 500 Gardiners Road Unit 6B Liberty Village, Ontario 600 Fleet Street London, Ontario 1025 Wellington Road Unit 4 Markham, Ontario 8630 Woodbine Avernunit A3 Milton, Ontario 1250 Steeles Ave E Unit E1 Mississauga, Ontario 1476 Dundas Street East Mississauga, Ontario 4036 Confederation Parkway Mississauga, Ontario 515 Lakeshore Road East Newmarket, Ontario 16880 Yonge Street 5 Oakville, Ontario Unit G2A 275 Hays Blvd Orangeville Shelburne, Ontario 225 Centennial Road Oshawa, Ontario 789 Taunton Rd Ottawa, Ontario 1001 Daze Street Ottawa, Ontario 1445 Merivale Rd Suite 104 Ottawa, Ontario 34 Highbury Park Drive Unit C6 Peterborough, Ontario 1905 Lansdowne Street West Pickering, Ontario 1822 Whites Road Richmond Hill, Ontario 10775 Leslie St Unit 5 St Catharines, Ontario 420 Vansickle Rd Unit E 07 Stittsville, Ontario 5703 Hazeldean Road Unit 2 Stoney Creek, Ontario 1374 South Service Road Sudbury, Ontario 900 Lasalle Blvd Toronto, Ontario 160 Bloor Street East Suite 100 Toronto, Ontario 1881 Steeles Avenue West 3Rn Toronto, Ontario 2480 Bloor Street West Toronto, Ontario 40 University Ave Toronto, Ontario 423 Danforth Ave Toronto, Ontario 487 Cornwall Road Toronto, Ontario 97 Eglinton Ave East Vaudreuil Dorion, Ontario 3080 Boulevard De La Gare 350 Vaughan, Ontario 9200 Bathurst Street Unit 25B Waterloo, Ontario 450 Columbia Street W West Vaughan, Ontario 2891 Major Mackenzie Dr Whitby, Ontario 4071 Thickson Road 1 York Mills, Ontario 861 York Mills Road Quebec Brossard, Quebec 7200 Blvd Du Quartier Suite 40 Cote Ste Luc, Quebec 6275 Somerled Ave Laval, Quebec 2837 Avenue Des Aristocrates Local 109 Montreal, Quebec 1001 Boulevard De Montarville Montreal, Quebec 1056 Rue Ottawa Griffintown Montreal, Quebec 237 Lauirier Ouest Suite C1 Montreal, Quebec 2380 Chemin Lucerne Montreal, Quebec 315 Boulevard Brunswick Unit 34 Repentigny, Quebec 4 125 Rue De Lafayette Rosemere, Quebec 401 Boulevard Cure Labelle Ste Eustache, Quebec 686 Arthur Sauv Blvd Saskatchewan Regina East, Saskatchewan 2101 Quance Street Regina, Saskatchewan 2635 Gordon Rd Saskatoon, Saskatchewan Unit 100 311 Cope Lane Saskatoon, Saskatchewan Unit 122 1820 Mcormond Drive Europe, Middle East and Africa Denmark Copenhagen, Kobenhavn Copenhagen Prags Boulevard 80 Lyngby, Kobenhavn Copenhagen Jernbanepladsen 27 France Maillot, 60 Avenue de la Grande Armee Paris, FRA 75017 Germany Schleswig Holstein, Hamburg Bei Der Lohmuhle 5 Lubeck Schleswig Holstein, Hamburg Ludwig Erhard Str 1 Great Britain Derby, Northern Unit 3B Wyvern Retail Park Wyvern Way Bromley, Region Of England The Glades High Street Unit 237 London, Region Of England 1 Alie Street London, Region Of England 240 Upper Street London, Region Of England Palace Street Middlesex, Region Of England Harman House Andover Rd Wandsworth, Region Of England 8 Garrett Lane Winchester, Region Of England Harman House Andover Road Altrincham, South West 4 George Street Altrincham Israel Kfar Saba, Tel Aviv B Center Angel St 78 Tel Aviv, Tel Aviv Rodansky 5 Tel Aviv Kuwait Egaila, Al Ahmadi 89 Mall Third Floor Kuwait City, Al Ahmadi Tijaria Tower Store M15 Al Sour Street Salmiya, Hawalli Block 2 Salem Al Mubarak Atreet Symphony Mall Mezzanine Floor Store M2 Poland Warszawa, Mazowieckie Rzymowskiego 53 02 697 Warszawa, Mazowieckie Ul Przyczolkowa 219 Qatar Doha, The Pearl-Qatar, Doha, ARR Spain Barcelona, Baleares Carrer D Aribau 121 Barcelona, Cataluna Gal La Placidia 22 Sant Cugat De Valles, Cataluna Avinguda Lluis Companys 13 Alcobendas, Madrid Avenida De Bruselas 16 Azca Madrid, Madrid Avenida De Brasil 5 Madrid, Madrid C Universidad 4 Pozuelo Cp Saudi Arabia Khobar, Al Bahah Corniche Road Al Khobar Riyadh, Ar Riyad Riyadh Hittin Area Prince Saud Bin Muhammad Bin Migrin Road Exit 2 Riyadh, Riyadh 12361 Takhasisy Road United Arab Emirates Dubai, Dubayy Dubai+L1291:L1320 Jumeirah Beach Roadrnal Satwa Dubai United Arab Emirates Dubai, Dubayy Dubai Times Square Centre Sheikh Zayed Road Asian-Pacific Australia Gungahlin, Act 10 10 Gibble Street Tuggeranong, Act 311 Anktell St Balmain, New South Wales 366 Darling Street Bondi Junction, New South Wales 64 Bronte Rd Brookvale, New South Wales 34 Old Pittwater Rd Concord, New South Wales 70 74 Majors Bay Road Haberfield, New South Wales 104 106 Ramsay Street Miranda, New South Wales 542 572 Kingsway Mosman, New South Wales 640 Military Rd Pottspoint, New South Wales 1 Earl Place Stleonards, New South Wales 9 Albany Street Waterloo, New South Wales 17 Danks Street Ascot, Queensland 188 Nudgee Rd Aspley, Queensland 815 Zillmere Rd Hawthorn, South Australia 202 Belair Rd Hawthorn, Victoria 600 Glenferrie Rd Melbourne Cbd, Victoria 422 Collins Street South Yarra, Victoria 12 Garden Street India Mumbai, Maharashtra Unit 3A 3B 3C 3D 3E 3F Turquoise Building Kemps Corner Japan Nagoya, Aichi 1 1 Umezono Nagoya, Aichi 1St Floor Ikeshita Es Bldg 8 70 1 Kakuohzan Tori Chikusa Ku Ichikawa, Chiba 2F Galleria Sala 2 5 8 Yawata Yokohama City, Kanagawa Parte Aobadai 2F 2 8 20 Aobadai Aoba Ku Urawa, Saitama Nakamachi Ichiban Kan Bldg 1F Shizuoka, Shizuoka Basement 1 Floor 8 6 Tenmacho Aoi Ku Shizuoka Shi Shizuoka Azabujuban, Tokyo Festa Azabu Building B2 Rn1 7 5 Azabujuban Hachiioji, Tokyo Hachioji Opa 6F 30 85 Asahicho Higashikurume, Tokyo 2F Wisteria Mf Building 1 15 Higashihoncho Koganei Shi, Tokyo 6 1827 1 Honcho Machida, Tokyo B1F 1 19 20 Morino Shimorenjaku, Tokyo Daini Ninotaka Building 2F 3 34 4 Yokohama Kanagawa, Tokyo 4 52 Onoecho New Zealand Auckland, Canterbury 184 Dominion Rd Mt Eden Auckland, Canterbury 509 Ellerslie Panmure Highwayrnmt Wellington Christchurch, Canterbury 86 Moorhouse Ave Latin America Colombia Bogota, Special District Calle 116 16 09 Piso 3 Bogota, Special District Carrera 9 72 20 Piso 3 Costa Rica Escazu, San Jose Autopista Prospero Fernandez Calle Lateral Norte Dominican Republic Santo Domingo, Distrito Nacional Avenida Lope De Vega 29 Arroyo Hondo, Santiago Camino Chiquito Esq Erick Leonard Eckman Santiago, Santiago Avenida 27 De Febrero Esquina Calle Erick Bellavista, Santo Domingo Avenida Sarasota Esquina Calle Pedro Bobea Santo Domingo, Santo Domingo Calle Federico Geraldino 63 Paraiso Guatemala Guatemala City, Guatemala 6A Avenida 16 19 Zona 10 Guatemala City, Guatemala Boulevard Vista Hermosa 2A Calle Local 1 Vh Zona 15 Mexico Ciudad De Mexico, Distrito Federal Av Horacio 147 Polanco V Secc Mexico City, Distrito Federal Plaza Carso Palmas En Ave Rnpaseo De Las Palmas 781 S1 Arnlomas De Chapultepec Bosques Duraznos, Mexico Bosque De Duraznos 39 Bosques De Las Lomas 11700 Huixquilucan De Degollado, Mexico Blvd Magnocentro 26 Local 112A Pb Mexico City, Mexico Av Insurgentes Sur 662 Pb Colonia Del Valle Norte Delegacion Benito Juarez Cdmx Mexico City, Mexico Av Nuevo Leon 167 Colonia Hipodromo Condesa Santa Fe, Mexico Avenida Santa Fe 428 Colonia Lomas De Santa Fe Cdmx 05300 San Pedro Garza Garcia, Nuevo Leon Avenida Gomez Morin 1105 Local 108 Peru La Molina, Lima Av Calle 7 Cruce Con Calle El Sauce 2Do Piso Prolongacion Av Raul Ferrero Frente Club Hipico Puerto Rico Guaynabo, Adjuntas Ebano Street San Patricio Village Sitemap Select Your Location Our Mission, Vision & Values FAQ (including Mobile App) Press Franchisees Jobs Articles Customer Service Real Estate Privacy Policy Promotion Terms Terms of Use Close Close Free Intro Class* Experience our workout for free. Please fill out the form and a member of the team will be in touch. All fields are mandatory unless indicated as optional. Find Your Location City or Postal Code When autocomplete results are available use up and down arrows to review and enter to select. Touch device users, explore by touch or with swipe gestures. First Name Last Name Phone Number Email *Certain restrictions apply. See full Promotion Terms. Congrats, You Took The First Step. Weve received your information and will be in touch soon. Youre officially on the way to a healthier, happier, more confident you. Something Went Wrong An error occurred and your request couldn't be completed. Please try again later or contact your studio. Select Your Location Press Franchisees Jobs Articles Shop Open in new Window FAQ Back To Base Real Estate Privacy Policy Promotion Terms Terms of Use Franais Open in new Window Cookie Preferences  2011 - 2023 ORANGETHEORY FITNESS. ALL RIGHTS RESERVED. *The Free Class offer is open only to first-time visitors and local residents aged 18 years and older, however, minors aged 14 and above may participate if special conditions are met. Valid at participating studios only. Conditions apply. See studios for details. Recommended retail price of a casual visit is $35, however, prices do vary, as each studio is individually owned and operated. Offer may be subject to satisfactory completion of pre-exercise screening and/or standard temporary/guest membership terms.